id,城市id,名称,,
3,2,东城区,,
208,2,西城区,,
479,2,朝阳区,,
1096,2,丰台区,,
1480,2,石景山区,,
1632,2,海淀区,,
2316,2,门头沟区,,
2611,2,房山区,,
3225,2,通州区,,
3825,2,顺义区,,
4371,2,昌平区,,
4884,2,大兴区,,
5604,2,怀柔区,,
5939,2,平谷区,,
6261,2,密云区,,
6709,2,延庆区,,
7152,5,和平区,,
7222,5,河东区,,
7394,5,河西区,,
7579,5,南开区,,
7772,5,河北区,,
7892,5,红桥区,,
8099,5,东丽区,,
8309,5,西青区,,
8580,5,津南区,,
8829,5,北辰区,,
9092,5,武清区,,
9890,5,宝坻区,,
10723,5,滨海新区,,
11165,5,宁河区,,
11501,5,静海区,,
11952,5,蓟州区,,
12963,26,长安区,,
13080,26,桥东区,,
13160,26,桥西区,,
13281,26,新华区,,
13404,26,井陉矿区,,
13464,26,裕华区,,
13587,26,井陉县,,
13927,26,正定县,,
14125,26,栾城区,,
14320,26,行唐县,,
14666,26,灵寿县,,
14965,26,高邑县,,
15078,26,深泽县,,
15211,26,赞皇县,,
15436,26,无极县,,
15665,26,平山县,,
16406,26,元氏县,,
16635,26,赵县,,
16928,26,辛集市,,
17304,26,藁城区,,
17565,26,晋州市,,
17800,26,新乐市,,
17983,26,鹿泉区,,
18219,74,路南区,,
18419,74,路北区,,
18616,74,古冶区,,
18827,74,开平区,,
19003,74,丰南区,,
19522,74,丰润区,,
20179,74,曹妃甸区,,
20337,74,滦县,,
20881,74,滦南县,,
21505,74,乐亭县,,
22081,74,迁西县,,
22529,74,玉田县,,
22985,74,遵化市,,
23705,74,迁安市,,
24277,57,海港区,,
24568,57,山海关区,,
24725,57,北戴河区,,
24766,57,青龙满族自治县,,
25192,57,昌黎县,,
25680,57,抚宁区,,
26281,57,卢龙县,,
26845,72,邯山区,,
26954,72,丛台区,,
27045,72,复兴区,,
27119,72,峰峰矿区,,
27345,72,邯郸县,,
27597,72,临漳县,,
28037,72,成安县,,
28281,72,大名县,,
28953,72,涉县,,
29285,72,磁县,,
29696,72,肥乡区,,
29969,72,永年区,,
30441,72,邱县,,
30674,72,鸡泽县,,
30853,72,广平县,,
31030,72,馆陶县,,
31316,72,魏县,,
31899,72,曲周县,,
32252,72,武安市,,
32796,70,桥东区,,
32886,70,桥西区,,
32997,70,邢台县,,
33628,70,临城县,,
33857,70,内丘县,,
34180,70,柏乡县,,
34308,70,隆尧县,,
34600,70,任县,,
34804,70,南和县,,
35035,70,宁晋县,,
35420,70,巨鹿县,,
35722,70,新河县,,
35898,70,广宗县,,
36120,70,平乡县,,
36381,70,威县,,
36921,70,清河县,,
37257,70,临西县,,
37572,70,南宫市,,
38052,70,沙河市,,
38378,58,竞秀区,,
38553,58,莲池区,,
38677,58,南市区,,
38790,58,满城区,,
39018,58,清苑区,,
39309,58,涞水县,,
39616,58,阜平县,,
39840,58,徐水区,,
40182,58,定兴县,,
40480,58,唐县,,
40854,58,高阳县,,
41044,58,容城县,,
41180,58,涞源县,,
41491,58,望都县,,
41650,58,安新县,,
41875,58,易县,,
42372,58,曲阳县,,
42764,58,蠡县,,
43016,58,顺平县,,
43268,58,博野县,,
43410,58,雄县,,
43650,58,涿州市,,
44108,58,定州市,,
44651,58,安国市,,
44867,58,高碑店市,,
45345,137,桥东区,,
45428,137,桥西区,,
45507,137,宣化区,,
45620,137,下花园区,,
45684,137,宣化区,,
46016,137,张北县,,
46437,137,康保县,,
46790,137,沽源县,,
47054,137,尚义县,,
47247,137,蔚县,,
47831,137,阳原县,,
48153,137,怀安县,,
48447,137,万全区,,
48641,137,怀来县,,
48959,137,涿鹿县,,
49359,137,赤城县,,
49818,137,崇礼区,,
50047,128,双桥区,,
50225,128,双滦区,,
50315,128,鹰手营子矿区,,
50346,128,承德县,,
50756,128,兴隆县,,
51075,128,平泉县,,
51367,128,滦平县,,
51602,128,隆化县,,
51995,128,丰宁满族自治县,,
52342,128,宽城满族自治县,,
52571,128,围场满族蒙古族自治县,,
52933,104,新华区,,
53004,104,运河区,,
53130,104,沧县,,
53666,104,青县,,
54041,104,东光县,,
54508,104,海兴县,,
54723,104,盐山县,,
55190,104,肃宁县,,
55459,104,南皮县,,
55787,104,吴桥县,,
56280,104,献县,,
56812,104,孟村回族自治县,,
56947,104,泊头市,,
57674,104,任丘市,,
58148,104,黄骅市,,
58586,104,河间市,,
59238,66,安次区,,
59556,66,广阳区,,
59802,66,固安县,,
60241,66,永清县,,
60652,66,香河县,,
60976,66,大城县,,
61391,66,文安县,,
61797,66,大厂回族自治县,,
61914,66,霸州市,,
62321,66,三河市,,
62765,207,桃城区,,
63189,207,枣强县,,
63760,207,武邑县,,
64315,207,武强县,,
64563,207,饶阳县,,
64771,207,安平县,,
65010,207,故城县,,
65562,207,景县,,
66431,207,阜城县,,
67052,207,冀州区,,
67474,207,深州市,,
67965,32,小店区,,
68146,32,迎泽区,,
68270,32,杏花岭区,,
68431,32,尖草坪区,,
68594,32,万柏林区,,
68763,32,晋源区,,
68884,32,清徐县,,
69106,32,阳曲县,,
69258,32,娄烦县,,
69416,32,古交市,,
69617,98,城区,,
69769,98,矿区,,
69903,98,南郊区,,
70103,98,新荣区,,
70257,98,阳高县,,
70542,98,天镇县,,
70787,98,广灵县,,
70981,98,灵丘县,,
71260,98,浑源县,,
71603,98,左云县,,
71849,98,大同县,,
72057,209,城区,,
72108,209,矿区,,
72153,209,郊区,,
72361,209,平定县,,
72708,209,盂县,,
73183,206,城区,,
73283,206,郊区,,
73434,206,长治县,,
73706,206,襄垣县,,
74051,206,屯留县,,
74362,206,平顺县,,
74637,206,黎城县,,
74902,206,壶关县,,
75309,206,长子县,,
75723,206,武乡县,,
76119,206,沁县,,
76445,206,沁源县,,
76720,206,潞城市,,
76935,267,城区,,
77091,267,沁水县,,
77357,267,阳城县,,
77850,267,陵川县,,
78242,267,泽州县,,
78900,267,高平市,,
79384,294,朔城区,,
79755,294,平鲁区,,
80129,294,山阴县,,
80419,294,应县,,
80739,294,右玉县,,
81085,294,怀仁县,,
81287,198,榆次区,,
81664,198,榆社县,,
81952,198,左权县,,
82175,198,和顺县,,
82485,198,昔阳县,,
82837,198,寿阳县,,
83066,198,太谷县,,
83287,198,祁县,,
83466,198,平遥县,,
83773,198,灵石县,,
84111,198,介休市,,
84393,205,盐湖区,,
84775,205,临猗县,,
85176,205,万荣县,,
85477,205,闻喜县,,
85843,205,稷山县,,
86051,205,新绛县,,
86294,205,绛县,,
86518,205,垣曲县,,
86730,205,夏县,,
87003,205,平陆县,,
87245,205,芮城县,,
87436,205,永济市,,
87741,205,河津市,,
87921,271,忻府区,,
88360,271,定襄县,,
88526,271,五台县,,
89119,271,代县,,
89509,271,繁峙县,,
89935,271,宁武县,,
90427,271,静乐县,,
90823,271,神池县,,
91076,271,五寨县,,
91339,271,岢岚县,,
91554,271,河曲县,,
91909,271,保德县,,
92273,271,偏关县,,
92533,271,原平市,,
93099,192,尧都区,,
93560,192,曲沃县,,
93727,192,翼城县,,
93953,192,襄汾县,,
94321,192,洪洞县,,
94806,192,古县,,
94929,192,安泽县,,
95042,192,浮山县,,
95239,192,吉县,,
95327,192,乡宁县,,
95527,192,大宁县,,
95618,192,隰县,,
95727,192,永和县,,
95818,192,蒲县,,
95923,192,汾西县,,
96059,192,侯马市,,
96172,192,霍州市,,
96409,152,离石区,,
96627,152,文水县,,
96843,152,交城县,,
97004,152,兴县,,
97406,152,临县,,
98072,152,柳林县,,
98349,152,石楼县,,
98494,152,岚县,,
98676,152,方山县,,
98855,152,中阳县,,
98963,152,交口县,,
99067,152,孝义市,,
99512,152,汾阳市,,
99832,44,新城区,,
99916,44,回民区,,
99988,44,玉泉区,,
100095,44,赛罕区,,
100300,44,土默特左旗,,
100653,44,托克托县,,
100796,44,和林格尔县,,
100966,44,清水河县,,
101084,44,武川县,,
101199,107,东河区,,
101325,107,昆都仑区,,
101440,107,青山区,,
101568,107,石拐区,,
101601,107,白云鄂博矿区,,
101610,107,九原区,,
101691,107,土默特右旗,,
102002,107,固阳县,,
102124,107,达尔罕茂明安联合旗,,
102222,299,海勃湾区,,
102276,299,海南区,,
102303,299,乌达区,,
102338,181,红山区,,
102453,181,元宝山区,,
102576,181,松山区,,
102882,181,阿鲁科尔沁旗,,
103160,181,巴林左旗,,
103356,181,巴林右旗,,
103539,181,林西县,,
103664,181,克什克腾旗,,
103818,181,翁牛特旗,,
104080,181,喀喇沁旗,,
104263,181,宁城县,,
104617,181,敖汉旗,,
104885,275,科尔沁区,,
105453,275,科尔沁左翼中旗,,
106028,275,科尔沁左翼后旗,,
106362,275,开鲁县,,
106645,275,库伦旗,,
106851,275,奈曼旗,,
107242,275,扎鲁特旗,,
107520,275,霍林郭勒市,,
107558,194,东胜区,,
107704,194,达拉特旗,,
107870,194,准格尔旗,,
108070,194,鄂托克前旗,,
108161,194,鄂托克旗,,
108268,194,杭锦旗,,
108367,194,乌审旗,,
108455,194,伊金霍洛旗,,
108644,171,海拉尔区,,
108707,171,扎赉诺尔区,,
108735,171,阿荣旗,,
108956,171,莫力达瓦达斡尔族自治旗,,
109258,171,鄂伦春自治旗,,
109498,171,鄂温克族自治旗,,
109576,171,陈巴尔虎旗,,
109668,171,新巴尔虎左旗,,
109744,171,新巴尔虎右旗,,
109814,171,满洲里市,,
109850,171,牙克石市,,
109943,171,扎兰屯市,,
110186,171,额尔古纳市,,
110260,171,根河市,,
110295,295,临河区,,
110541,295,五原县,,
110701,295,磴口县,,
110817,295,乌拉特前旗,,
111002,295,乌拉特中旗,,
111121,295,乌拉特后旗,,
111188,295,杭锦后旗,,
111334,298,集宁区,,
111441,298,卓资县,,
111570,298,化德县,,
111679,298,商都县,,
111921,298,兴和县,,
112106,298,凉城县,,
112264,298,察哈尔右翼前旗,,
112405,298,察哈尔右翼中旗,,
112600,298,察哈尔右翼后旗,,
112713,298,四子王旗,,
112863,298,丰镇市,,
112989,309,乌兰浩特市,,
113133,309,阿尔山市,,
113172,309,科尔沁右翼前旗,,
113488,309,科尔沁右翼中旗,,
113731,309,扎赉特旗,,
113980,309,突泉县,,
114204,296,二连浩特市,,
114222,296,锡林浩特市,,
114338,296,阿巴嘎旗,,
114425,296,苏尼特左旗,,
114491,296,苏尼特右旗,,
114578,296,东乌珠穆沁旗,,
114689,296,西乌珠穆沁旗,,
114808,296,太仆寺旗,,
115007,296,镶黄旗,,
115078,296,正镶白旗,,
115172,296,正蓝旗,,
115308,296,多伦县,,
115388,348,阿拉善左旗,,
115586,348,阿拉善右旗,,
115643,348,额济纳旗,,
115680,9,和平区,,
115800,9,沈河区,,
115925,9,大东区,,
116061,9,皇姑区,,
116201,9,铁西区,,
116406,9,苏家屯区,,
116597,9,浑南区,,
116807,9,沈北新区,,
117034,9,于洪区,,
117251,9,辽中区,,
117509,9,康平县,,
117703,9,法库县,,
117964,9,新民市,,
118367,20,中山区,,
118427,20,西岗区,,
118480,20,沙河口区,,
118579,20,甘井子区,,
118807,20,旅顺口区,,
118916,20,金州区,,
119195,20,长海县,,
119231,20,瓦房店市,,
119585,20,普兰店区,,
119863,20,庄河市,,
120166,88,铁东区,,
120291,88,铁西区,,
120397,88,立山区,,
120524,88,千山区,,
120595,88,台安县,,
120775,88,岫岩满族自治县,,
121008,88,海城市,,
121455,119,新抚区,,
121553,119,东洲区,,
121698,119,望花区,,
121851,119,顺城区,,
121977,119,抚顺县,,
122083,119,新宾满族自治县,,
122293,119,清原满族自治县,,
122519,184,平山区,,
122591,184,溪湖区,,
122685,184,明山区,,
122774,184,南芬区,,
122819,184,本溪满族自治县,,
122967,184,桓仁满族自治县,,
123110,131,元宝区,,
123163,131,振兴区,,
123263,131,振安区,,
123334,131,宽甸满族自治县,,
123552,131,东港市,,
123809,131,凤城市,,
124067,113,古塔区,,
124140,113,凌河区,,
124224,113,太和区,,
124393,113,黑山县,,
124745,113,义县,,
125012,113,凌海市,,
125320,113,北镇市,,
125587,133,站前区,,
125640,133,西市区,,
125690,133,鲅鱼圈区,,
125789,133,老边区,,
125854,133,盖州市,,
126183,133,大石桥市,,
126482,231,海州区,,
126567,231,新邱区,,
126595,231,太平区,,
126644,231,清河门区,,
126679,231,细河区,,
126743,231,阜新蒙古族自治县,,
127171,231,彰武县,,
127397,185,白塔区,,
127479,185,文圣区,,
127536,185,宏伟区,,
127582,185,弓长岭区,,
127621,185,太子河区,,
127696,185,辽阳县,,
127921,185,灯塔市,,
128142,163,双台子区,,
128215,163,兴隆台区,,
128355,163,大洼区,,
128540,163,盘山县,,
128713,232,银州区,,
128817,232,清河区,,
128878,232,铁岭县,,
129126,232,西丰县,,
129330,232,昌图县,,
129865,232,调兵山市,,
129934,232,开原市,,
130253,258,双塔区,,
130371,258,龙城区,,
130471,258,朝阳县,,
130799,258,建平县,,
131121,258,喀喇沁左翼蒙古族自治县,,
131346,258,北票市,,
131681,258,凌源市,,
131991,120,连山区,,
132223,120,龙港区,,
132316,120,南票区,,
132493,120,绥中县,,
132822,120,建昌县,,
133138,120,兴城市,,
133432,13,南关区,,
133574,13,宽城区,,
133748,13,朝阳区,,
133852,13,二道区,,
134008,13,绿园区,,
134114,13,双阳区,,
134275,13,农安县,,
134667,13,九台区,,
134960,13,榆树市,,
135393,13,德惠市,,
135725,90,昌邑区,,
135938,90,龙潭区,,
136121,90,船营区,,
136246,90,丰满区,,
136375,90,永吉县,,
136543,90,蛟河市,,
136842,90,桦甸市,,
137032,90,舒兰市,,
137292,90,磐石市,,
137610,241,铁西区,,
137677,241,铁东区,,
137788,241,梨树县,,
138157,241,伊通满族自治县,,
138374,241,公主岭市,,
138881,241,双辽市,,
139137,287,龙山区,,
139193,287,西安区,,
139231,287,东丰县,,
139485,287,东辽县,,
139755,227,东昌区,,
139818,227,二道江区,,
139870,227,通化县,,
140071,227,辉南县,,
140239,227,柳河县,,
140502,227,梅河口市,,
140857,227,集安市,,
141026,274,浑江区,,
141141,274,江源区,,
141241,274,抚松县,,
141426,274,靖宇县,,
141563,274,长白朝鲜族自治县,,
141661,274,临江市,,
141786,238,宁江区,,
141997,238,前郭尔罗斯蒙古族自治县,,
142304,238,长岭县,,
142591,238,乾安县,,
142787,238,扶余市,,
143217,176,洮北区,,
143476,176,镇赉县,,
143664,176,通榆县,,
143883,176,洮南市,,
144157,176,大安市,,
144446,196,延吉市,,
144602,196,图们市,,
144681,196,敦化市,,
145120,196,珲春市,,
145301,196,龙井市,,
145410,196,和龙市,,
145555,196,汪清县,,
145880,196,安图县,,
146126,23,道里区,,
146311,23,南岗区,,
146500,23,道外区,,
146695,23,平房区,,
146742,23,松北区,,
146830,23,香坊区,,
147017,23,呼兰区,,
147252,23,阿城区,,
147484,23,依兰县,,
147664,23,方正县,,
147769,23,宾县,,
147982,23,巴彦县,,
148158,23,木兰县,,
148276,23,通河县,,
148449,23,延寿县,,
148600,23,双城区,,
148956,23,尚志市,,
149209,23,五常市,,
149534,148,龙沙区,,
149582,148,建华区,,
149622,148,铁锋区,,
149690,148,昂昂溪区,,
149730,148,富拉尔基区,,
149781,148,碾子山区,,
149816,148,梅里斯达斡尔族区,,
149881,148,龙江县,,
150065,148,依安县,,
150276,148,泰来县,,
150405,148,甘南县,,
150550,148,富裕县,,
150669,148,克山县,,
150838,148,克东县,,
150972,148,拜泉县,,
151181,148,讷河市,,
151416,216,鸡冠区,,
151483,216,恒山区,,
151538,216,滴道区,,
151583,216,梨树区,,
151612,216,城子河区,,
151653,216,麻山区,,
151676,216,鸡东县,,
151846,216,虎林市,,
152076,216,密山市,,
152330,324,向阳区,,
152353,324,工农区,,
152378,324,南山区,,
152410,324,兴安区,,
152445,324,东山区,,
152524,324,兴山区,,
152545,324,萝北县,,
152735,324,绥滨县,,
152912,330,尖山区,,
152966,330,岭东区,,
153005,330,四方台区,,
153041,330,宝山区,,
153087,330,集贤县,,
153308,330,友谊县,,
153408,330,宝清县,,
153640,330,饶河县,,
153812,97,萨尔图区,,
153868,97,龙凤区,,
153925,97,让胡路区,,
154015,97,红岗区,,
154060,97,大同区,,
154158,97,肇州县,,
154290,97,肇源县,,
154473,97,林甸县,,
154581,97,杜尔伯特蒙古族自治县,,
154701,306,伊春区,,
154750,306,南岔区,,
154840,306,友好区,,
154887,306,西林区,,
154902,306,翠峦区,,
154932,306,新青区,,
154971,306,美溪区,,
155009,306,金山屯区,,
155045,306,五营区,,
155077,306,乌马河区,,
155114,306,汤旺河区,,
155157,306,带岭区,,
155193,306,乌伊岭区,,
155227,306,红星区,,
155257,306,上甘岭区,,
155291,306,嘉荫县,,
155397,306,铁力市,,
155575,200,向阳区,,
155663,200,前进区,,
155688,200,东风区,,
155751,200,郊区,,
155932,200,桦南县,,
156199,200,桦川县,,
156335,200,汤原县,,
156523,200,抚远市,,
156637,200,同江市,,
156812,200,富锦市,,
157191,326,新兴区,,
157309,326,桃山区,,
157356,326,茄子河区,,
157443,326,勃利县,,
157620,139,东安区,,
157667,139,阳明区,,
157770,139,爱民区,,
157817,139,西安区,,
157902,139,东宁市,,
158055,139,林口县,,
158295,139,绥芬河市,,
158327,139,海林市,,
158560,139,宁安市,,
158882,139,穆棱市,,
159120,230,爱辉区,,
159289,230,嫩江县,,
159564,230,逊克县,,
159679,230,孙吴县,,
159818,230,北安市,,
159984,230,五大连池市,,
160234,311,北林区,,
160448,311,望奎县,,
160591,311,兰西县,,
160728,311,青冈县,,
160956,311,庆安县,,
161088,311,明水县,,
161222,311,绥棱县,,
161388,311,安达市,,
161558,311,肇东市,,
161814,311,海伦市,,
162135,297,呼玛县,,
162203,297,塔河县,,
162237,297,漠河县,,
162274,1,黄浦区,,
162474,1,徐汇区,,
162797,1,长宁区,,
162992,1,静安区,,
163071,1,普陀区,,
163335,1,静安区,,
163556,1,虹口区,,
163791,1,杨浦区,,
164123,1,闵行区,,
164677,1,宝山区,,
165149,1,嘉定区,,
165456,1,浦东新区,,
166702,1,金山区,,
166926,1,松江区,,
167221,1,青浦区,,
167508,1,奉贤区,,
167805,1,崇明区,,
168171,7,玄武区,,
168238,7,秦淮区,,
168365,7,建邺区,,
168440,7,鼓楼区,,
168575,7,浦口区,,
168717,7,栖霞区,,
168878,7,雨花台区,,
168975,7,江宁区,,
169193,7,六合区,,
169368,7,溧水区,,
169498,7,高淳区,,
169660,17,崇安区,,
169706,17,南长区,,
169769,17,北塘区,,
169832,17,锡山区,,
169958,17,惠山区,,
170089,17,滨湖区,,
170357,17,江阴市,,
170683,17,宜兴市,,
171020,54,鼓楼区,,
171146,54,云龙区,,
171228,54,贾汪区,,
171391,54,泉山区,,
171520,54,铜山区,,
171895,54,丰县,,
172327,54,沛县,,
172741,54,睢宁县,,
173164,54,新沂市,,
173450,54,邳州市,,
173981,35,天宁区,,
174089,35,钟楼区,,
174190,35,戚墅堰区,,
174211,35,新北区,,
174335,35,武进区,,
174689,35,溧阳市,,
174945,35,金坛区,,
175152,14,虎丘区,,
175259,14,吴中区,,
175474,14,相城区,,
175631,14,姑苏区,,
175931,14,吴江区,,
176254,14,常熟市,,
176593,14,张家港市,,
176885,14,昆山市,,
177203,14,太仓市,,
177358,41,崇川区,,
177526,41,港闸区,,
177598,41,通州区,,
177894,41,海安县,,
178142,41,如东县,,
178425,41,启东市,,
178771,41,如皋市,,
179149,41,海门市,,
179481,75,连云区,,
179604,75,海州区,,
179742,75,海州区,,
179838,75,赣榆区,,
180328,75,东海县,,
180678,75,灌云县,,
181057,75,灌南县,,
181308,93,清河区,,
181421,93,淮安区,,
181800,93,淮阴区,,
182084,93,清浦区,,
182185,93,涟水县,,
182590,93,洪泽区,,
182731,93,盱眙县,,
183010,93,金湖县,,
183178,95,亭湖区,,
183424,95,盐都区,,
183710,95,响水县,,
183886,95,滨海县,,
184232,95,阜宁县,,
184590,95,射阳县,,
184887,95,建湖县,,
185149,95,东台市,,
185607,95,大丰区,,
185897,38,广陵区,,
186047,38,邗江区,,
186299,38,江都区,,
186647,38,宝应县,,
186946,38,仪征市,,
187159,38,高邮市,,
187407,53,京口区,,
187545,53,润州区,,
187627,53,丹徒区,,
187729,53,丹阳市,,
187944,53,扬中市,,
188032,53,句容市,,
188239,92,海陵区,,
188432,92,高港区,,
188546,92,姜堰区,,
188887,92,兴化市,,
189605,92,靖江市,,
189865,92,泰兴市,,
190247,223,宿城区,,
190511,223,宿豫区,,
190713,223,沭阳县,,
191235,223,泗阳县,,
191509,223,泗洪县,,
191867,10,上城区,,
191928,10,下城区,,
192011,10,江干区,,
192197,10,拱墅区,,
192303,10,西湖区,,
192512,10,滨江区,,
192567,10,萧山区,,
193191,10,余杭区,,
193544,10,桐庐县,,
193763,10,淳安县,,
194224,10,建德市,,
194518,10,富阳区,,
194848,10,临安市,,
195180,25,海曙区,,
195265,25,江东区,,
195352,25,江北区,,
195527,25,北仑区,,
195802,25,镇海区,,
195904,25,鄞州区,,
196464,25,象山县,,
197018,25,宁海县,,
197445,25,余姚市,,
197789,25,慈溪市,,
198198,25,奉化区,,
198609,40,鹿城区,,
198826,40,龙湾区,,
199008,40,瓯海区,,
199288,40,洞头区,,
199388,40,永嘉县,,
200344,40,平阳县,,
200995,40,苍南县,,
201889,40,文成县,,
202298,40,泰顺县,,
202624,40,瑞安市,,
203617,40,乐清市,,
204598,45,南湖区,,
204753,45,秀洲区,,
204924,45,嘉善县,,
205085,45,海盐县,,
205230,45,海宁市,,
205471,45,平湖市,,
205635,45,桐乡市,,
205859,76,吴兴区,,
206200,76,南浔区,,
206466,76,德清县,,
206659,76,长兴县,,
206961,76,安吉县,,
207188,47,越城区,,
207563,47,柯桥区,,
207988,47,新昌县,,
208443,47,诸暨市,,
209005,47,上虞区,,
209466,47,嵊州市,,
209984,65,婺城区,,
210688,65,金东区,,
211209,65,武义县,,
211786,65,浦江县,,
212231,65,磐安县,,
212622,65,兰溪市,,
213311,65,义乌市,,
214130,65,东阳市,,
214539,65,永康市,,
215309,162,柯城区,,
215571,162,衢江区,,
215876,162,常山县,,
216246,162,开化县,,
216530,162,龙游县,,
216820,162,江山市,,
217156,68,定海区,,
217330,68,普陀区,,
217481,68,岱山县,,
217585,68,嵊泗县,,
217641,69,椒江区,,
217974,69,黄岩区,,
218565,69,路桥区,,
218902,69,玉环县,,
219231,69,三门县,,
219770,69,天台县,,
220398,69,仙居县,,
221160,69,温岭市,,
222108,69,临海市,,
223162,201,莲都区,,
223576,201,青田县,,
224053,201,缙云县,,
224331,201,遂昌县,,
224562,201,松阳县,,
224998,201,云和县,,
225184,201,庆元县,,
225557,201,景宁畲族自治县,,
225844,201,龙泉市,,
226323,31,瑶海区,,
226478,31,庐阳区,,
226561,31,蜀山区,,
226723,31,包河区,,
226836,31,长丰县,,
227117,31,肥东县,,
227470,31,肥西县,,
227799,31,庐江县,,
228056,31,巢湖市,,
228277,112,镜湖区,,
228361,112,弋江区,,
228423,112,鸠江区,,
228561,112,三山区,,
228619,112,芜湖县,,
228731,112,繁昌县,,
228835,112,南陵县,,
229024,112,无为县,,
229344,122,龙子湖区,,
229411,122,蚌山区,,
229496,122,禹会区,,
229582,122,淮上区,,
229645,122,怀远县,,
230029,122,五河县,,
230289,122,固镇县,,
230532,165,大通区,,
230609,165,田家庵区,,
230751,165,谢家集区,,
230857,165,八公山区,,
230907,165,潘集区,,
231098,165,凤台县,,
231420,154,花山区,,
231504,154,雨山区,,
231569,154,博望区,,
231618,154,当涂县,,
231792,154,含山县,,
231924,154,和县,,
232056,222,杜集区,,
232119,222,相山区,,
232224,222,烈山区,,
232314,222,濉溪县,,
232575,254,铜官山区,,
232595,254,狮子山区,,
232637,254,郊区,,
232695,254,义安区,,
232824,138,迎江区,,
232907,138,大观区,,
232995,138,宜秀区,,
233072,138,怀宁县,,
233334,138,枞阳县,,
233620,138,潜山县,,
233825,138,太湖县,,
234029,138,宿松县,,
234274,138,望江县,,
234423,138,岳西县,,
234638,138,桐城市,,
234879,82,屯溪区,,
234956,82,黄山区,,
235058,82,徽州区,,
235121,82,歙县,,
235347,82,休宁县,,
235531,82,黟县,,
235610,82,祁门县,,
235788,158,琅琊区,,
235868,158,南谯区,,
235970,158,来安县,,
236130,158,全椒县,,
236274,158,定远县,,
236581,158,凤阳县,,
236849,158,天长市,,
237044,158,明光市,,
237223,197,颍州区,,
237395,197,颍东区,,
237527,197,颍泉区,,
237658,197,临泉县,,
238086,197,太和县,,
238433,197,阜南县,,
238812,197,颍上县,,
239194,197,界首市,,
239373,169,埇桥区,,
239823,169,砀山县,,
240007,169,萧县,,
240333,169,灵璧县,,
240672,169,泗县,,
240884,195,金安区,,
241246,195,裕安区,,
241574,195,寿县,,
241889,195,霍邱县,,
242445,195,舒城县,,
242894,195,金寨县,,
243151,195,霍山县,,
243315,266,谯城区,,
243650,266,涡阳县,,
244067,266,蒙城县,,
244385,266,利辛县,,
244774,243,贵池区,,
245025,243,东至县,,
245296,243,石台县,,
245391,243,青阳县,,
245536,186,宣州区,,
245789,186,郎溪县,,
245906,186,广德县,,
246055,186,泾县,,
246211,186,绩溪县,,
246306,186,旌德县,,
246385,186,宁国市,,
246534,22,鼓楼区,,
246614,22,台江区,,
246698,22,仓山区,,
246905,22,马尾区,,
246986,22,晋安区,,
247178,22,闽侯县,,
247517,22,连江县,,
247818,22,罗源县,,
248028,22,闽清县,,
248336,22,永泰县,,
248622,22,平潭县,,
248843,22,福清市,,
249367,22,长乐市,,
249644,19,思明区,,
249752,19,海沧区,,
249801,19,湖里区,,
249863,19,集美区,,
249937,19,同安区,,
250078,19,翔安区,,
250199,168,城厢区,,
250327,168,涵江区,,
250541,168,荔城区,,
250678,168,秀屿区,,
250891,168,仙游县,,
251238,134,梅列区,,
251295,134,三元区,,
251381,134,明溪县,,
251486,134,清流县,,
251619,134,宁化县,,
251862,134,大田县,,
252160,134,尤溪县,,
252439,134,沙县,,
252644,134,将乐县,,
252809,134,泰宁县,,
252938,134,建宁县,,
253049,134,永安市,,
253325,60,鲤城区,,
253415,60,丰泽区,,
253498,60,洛江区,,
253592,60,泉港区,,
253702,60,惠安县,,
254019,60,安溪县,,
254525,60,永春县,,
254784,60,德化县,,
255007,60,石狮市,,
255144,60,晋江市,,
255563,60,南安市,,
256013,175,芗城区,,
256196,175,龙文区,,
256265,175,云霄县,,
256484,175,漳浦县,,
256836,175,诏安县,,
257098,175,长泰县,,
257190,175,东山县,,
257275,175,南靖县,,
257490,175,平和县,,
257765,175,华安县,,
257874,175,龙海市,,
258196,193,延平区,,
258532,193,顺昌县,,
258691,193,浦城县,,
259011,193,光泽县,,
259115,193,松溪县,,
259234,193,政和县,,
259376,193,邵武市,,
259567,193,武夷山市,,
259715,193,建瓯市,,
259989,193,建阳区,,
260221,145,新罗区,,
260573,145,长汀县,,
260892,145,永定区,,
261197,145,上杭县,,
261564,145,武平县,,
261801,145,连城县,,
262063,145,漳平市,,
262280,141,蕉城区,,
262612,141,霞浦县,,
262942,141,古田县,,
263248,141,屏南县,,
263419,141,寿宁县,,
263637,141,周宁县,,
263794,141,柘荣县,,
263920,141,福安市,,
264430,141,福鼎市,,
264732,33,东湖区,,
264896,33,西湖区,,
265059,33,青云谱区,,
265147,33,湾里区,,
265210,33,青山湖区,,
265479,33,南昌县,,
265877,33,新建县,,
266323,33,安义县,,
266463,33,进贤县,,
266805,225,昌江区,,
266921,225,珠山区,,
267013,225,浮梁县,,
267225,225,乐平市,,
267604,263,安源区,,
267748,263,湘东区,,
267916,263,莲花县,,
268093,263,上栗县,,
268278,263,芦溪县,,
268443,103,濂溪区,,
268603,103,浔阳区,,
268716,103,九江县,,
268872,103,武宁县,,
269089,103,修水县,,
269529,103,永修县,,
269781,103,德安县,,
269895,103,庐山市,,
269986,103,都昌县,,
270322,103,湖口县,,
270484,103,彭泽县,,
270693,103,瑞昌市,,
270930,103,共青城市,,
270991,257,渝水区,,
271352,257,分宜县,,
271537,284,月湖区,,
271626,284,余江县,,
271819,284,贵溪市,,
272097,78,章贡区,,
272266,78,赣县区,,
272581,78,信丰县,,
272893,78,大余县,,
273023,78,上犹县,,
273179,78,崇义县,,
273328,78,安远县,,
273513,78,龙南县,,
273636,78,定南县,,
273782,78,全南县,,
273896,78,宁都县,,
274248,78,于都县,,
274658,78,兴国县,,
275000,78,会昌县,,
275292,78,寻乌县,,
275487,78,石城县,,
275647,78,瑞金市,,
275907,78,南康区,,
276263,151,吉州区,,
276406,151,青原区,,
276546,151,吉安县,,
276912,151,吉水县,,
277211,151,峡江县,,
277315,151,新干县,,
277497,151,永丰县,,
277759,151,泰和县,,
278130,151,遂川县,,
278493,151,万安县,,
278667,151,安福县,,
278962,151,永新县,,
279252,151,井冈山市,,
279408,132,袁州区,,
279819,132,奉新县,,
280028,132,万载县,,
280249,132,上高县,,
280488,132,宜丰县,,
280751,132,靖安县,,
280865,132,铜鼓县,,
280999,132,丰城市,,
281613,132,樟树市,,
281933,132,高安市,,
282322,252,临川区,,
282848,252,南城县,,
283034,252,黎川县,,
283191,252,南丰县,,
283389,252,崇仁县,,
283572,252,乐安县,,
283779,252,宜黄县,,
283948,252,金溪县,,
284131,252,资溪县,,
284222,252,东乡县,,
284424,252,广昌县,,
284582,123,信州区,,
284712,123,上饶县,,
284978,123,广丰区,,
285236,123,玉山县,,
285494,123,铅山县,,
285698,123,横峰县,,
285794,123,弋阳县,,
285968,123,余干县,,
286423,123,鄱阳县,,
287027,123,万年县,,
287194,123,婺源县,,
287417,123,德兴市,,
287563,16,历下区,,
287681,16,市中区,,
287899,16,槐荫区,,
288078,16,天桥区,,
288342,16,历城区,,
289077,16,长清区,,
289712,16,平阴县,,
290072,16,济阳县,,
290937,16,商河县,,
291914,16,章丘区,,
292850,18,市南区,,
292926,18,市北区,,
293123,18,黄岛区,,
294383,18,崂山区,,
294545,18,李沧区,,
294678,18,城阳区,,
294935,18,胶州市,,
295828,18,即墨市,,
296928,18,平度市,,
298792,18,莱西市,,
299702,81,淄川区,,
300175,81,张店区,,
300484,81,博山区,,
300816,81,临淄区,,
301310,81,周村区,,
301577,81,桓台县,,
301933,81,高青县,,
302713,81,沂源县,,
303367,140,市中区,,
303541,140,薛城区,,
303812,140,峄城区,,
304162,140,台儿庄区,,
304380,140,山亭区,,
304664,140,滕州市,,
305933,99,东营区,,
306248,99,河口区,,
306447,99,垦利区,,
306810,99,利津县,,
307349,99,广饶县,,
307940,56,芝罘区,,
308099,56,福山区,,
308474,56,牟平区,,
309079,56,莱山区,,
309235,56,长岛县,,
309284,56,龙口市,,
309909,56,莱阳市,,
310722,56,莱州市,,
311755,56,蓬莱市,,
312352,56,招远市,,
313107,56,栖霞市,,
314077,56,海阳市,,
314826,63,潍城区,,
315086,63,寒亭区,,
315513,63,坊子区,,
316099,63,奎文区,,
316378,63,临朐县,,
316734,63,昌乐县,,
317114,63,青州市,,
318188,63,诸城市,,
318469,63,寿光市,,
319460,63,安丘市,,
320343,63,高密市,,
321314,63,昌邑市,,
322016,89,市中区,,
322308,89,任城区,,
322729,89,微山县,,
323287,89,鱼台县,,
323691,89,金乡县,,
324364,89,嘉祥县,,
325088,89,汶上县,,
325597,89,泗水县,,
326212,89,梁山县,,
326855,89,曲阜市,,
327274,89,兖州区,,
327819,89,邹城市,,
328733,83,泰山区,,
328950,83,岱岳区,,
329694,83,宁阳县,,
330274,83,东平县,,
331005,83,新泰市,,
331939,83,肥城市,,
332590,64,环翠区,,
333066,64,文登区,,
333976,64,荣成市,,
334944,64,乳山市,,
335581,109,东港区,,
336300,109,岚山区,,
336729,109,五莲县,,
337374,109,莒县,,
338658,265,莱城区,,
339514,265,钢城区,,
339751,85,兰山区,,
340259,85,罗庄区,,
340502,85,河东区,,
340965,85,沂南县,,
341555,85,郯城县,,
342185,85,沂水县,,
343267,85,兰陵县,,
344309,85,费县,,
344797,85,平邑县,,
345545,85,莒南县,,
346294,85,蒙阴县,,
346769,85,临沭县,,
347068,87,德城区,,
347277,87,陵城区,,
348281,87,宁津县,,
349078,87,庆云县,,
349479,87,临邑县,,
349676,87,齐河县,,
350706,87,平原县,,
350899,87,夏津县,,
351224,87,武城县,,
351428,87,乐陵市,,
351936,87,禹城市,,
352337,125,东昌府区,,
353460,125,阳谷县,,
354352,125,莘县,,
355531,125,茌平县,,
356278,125,东阿县,,
356807,125,冠县,,
357587,125,高唐县,,
357697,125,临清市,,
358369,144,滨城区,,
359355,144,惠民县,,
360491,144,阳信县,,
361359,144,无棣县,,
361975,144,沾化区,,
362435,144,博兴县,,
362904,144,邹平县,,
363773,191,牡丹区,,
364564,191,曹县,,
365772,191,单县,,
366303,191,成武县,,
366802,191,巨野县,,
367708,191,郓城县,,
368772,191,鄄城县,,
369230,191,定陶区,,
369609,191,东明县,,
370035,21,中原区,,
370249,21,二七区,,
370421,21,管城回族区,,
370589,21,金水区,,
370854,21,上街区,,
370919,21,惠济区,,
370992,21,中牟县,,
371459,21,巩义市,,
371795,21,荥阳市,,
372112,21,新密市,,
372482,21,新郑市,,
372865,21,登封市,,
373207,118,龙亭区,,
373272,118,顺河回族区,,
373348,118,鼓楼区,,
373398,118,禹王台区,,
373454,118,金明区,,
373543,118,杞县,,
374166,118,通许县,,
374490,118,尉氏县,,
375029,118,祥符区,,
375390,118,兰考县,,
375881,59,老城区,,
375936,59,西工区,,
376011,59,瀍河回族区,,
376049,59,涧西区,,
376172,59,吉利区,,
376212,59,洛龙区,,
376492,59,孟津县,,
376737,59,新安县,,
377060,59,栾川县,,
377288,59,嵩县,,
377632,59,汝阳县,,
377867,59,宜阳县,,
378246,59,洛宁县,,
378655,59,伊川县,,
379043,59,偃师市,,
379304,179,新华区,,
379420,179,卫东区,,
379497,179,石龙区,,
379516,179,湛河区,,
379626,179,宝丰县,,
379967,179,叶县,,
380562,179,鲁山县,,
381146,179,郏县,,
381539,179,舞钢市,,
381770,179,汝州市,,
382248,147,文峰区,,
382432,147,北关区,,
382519,147,殷都区,,
382615,147,龙安区,,
382773,147,安阳县,,
383403,147,汤阴县,,
383718,147,滑县,,
384761,147,内黄县,,
385311,147,林州市,,
385904,291,鹤山区,,
385993,291,山城区,,
386103,291,淇滨区,,
386267,291,浚县,,
386743,291,淇县,,
386930,79,红旗区,,
387051,79,卫滨区,,
387110,79,凤泉区,,
387162,79,牧野区,,
387261,79,新乡县,,
387448,79,获嘉县,,
387690,79,原阳县,,
388298,79,延津县,,
388664,79,封丘县,,
389292,79,长垣县,,
389882,79,卫辉市,,
390263,79,辉县市,,
390846,149,解放区,,
390909,149,中站区,,
390969,149,马村区,,
391055,149,山阳区,,
391215,149,修武县,,
391427,149,博爱县,,
391653,149,武陟县,,
392026,149,温县,,
392301,149,沁阳市,,
392655,149,孟州市,,
392957,219,华龙区,,
393281,219,清丰县,,
393808,219,南乐县,,
394148,219,范县,,
394758,219,台前县,,
395143,219,濮阳县,,
396165,116,魏都区,,
396281,116,许昌县,,
396756,116,鄢陵县,,
397110,116,襄城县,,
397575,116,禹州市,,
398259,116,长葛市,,
398650,264,源汇区,,
398786,264,郾城区,,
398995,264,召陵区,,
399241,264,舞阳县,,
399653,264,临颍县,,
400037,237,湖滨区,,
400137,237,渑池县,,
400396,237,陕州区,,
400681,237,卢氏县,,
401068,237,义马市,,
401111,237,灵宝市,,
401593,115,宛城区,,
401923,115,卧龙区,,
402249,115,南召县,,
402618,115,方城县,,
403203,115,西峡县,,
403522,115,镇平县,,
403975,115,内乡县,,
404288,115,淅川县,,
404806,115,社旗县,,
405080,115,唐河县,,
405641,115,新野县,,
405929,115,桐柏县,,
406168,115,邓州市,,
406807,204,梁园区,,
407142,204,睢阳区,,
407553,204,民权县,,
408132,204,睢县,,
408710,204,宁陵县,,
409090,204,柘城县,,
409635,204,虞城县,,
410322,204,夏邑县,,
411092,204,永城市,,
411893,161,浉河区,,
412166,161,平桥区,,
412523,161,罗山县,,
412847,161,光山县,,
413225,161,新县,,
413447,161,商城县,,
413838,161,固始县,,
414512,161,潢川县,,
414822,161,淮滨县,,
415137,161,息县,,
415507,226,川汇区,,
415698,226,扶沟县,,
416127,226,西华县,,
416631,226,商水县,,
417247,226,沈丘县,,
417842,226,郸城县,,
418382,226,淮阳县,,
418874,226,太康县,,
419673,226,鹿邑县,,
420254,226,项城市,,
420776,235,驿城区,,
421036,235,西平县,,
421343,235,上蔡县,,
421829,235,平舆县,,
422072,235,正阳县,,
422387,235,确山县,,
422600,235,泌阳县,,
422981,235,汝南县,,
423280,235,遂平县,,
423500,235,新蔡县,,
423886,325,沁园街道,,
423907,325,济水街道,,
423920,325,北海街道,,
423939,325,天坛街道,,
423962,325,玉泉街道,,
423985,325,克井镇,,
424036,325,五龙口镇,,
424068,325,轵城镇,,
424138,325,承留镇,,
424189,325,邵原镇,,
424240,325,坡头镇,,
424265,325,梨林镇,,
424311,325,大峪镇,,
424342,325,思礼镇,,
424370,325,王屋镇,,
424415,325,下冶镇,,
424456,4,江岸区,,
424620,4,江汉区,,
424743,4,硚口区,,
424892,4,汉阳区,,
425023,4,武昌区,,
425220,4,青山区,,
425338,4,洪山区,,
425634,4,东西湖区,,
425794,4,汉南区,,
425868,4,蔡甸区,,
426266,4,江夏区,,
426694,4,黄陂区,,
427394,4,新洲区,,
428064,173,黄石港区,,
428100,173,西塞山区,,
428141,173,下陆区,,
428184,173,铁山区,,
428200,173,阳新县,,
428652,173,大冶市,,
429089,170,茅箭区,,
429171,170,张湾区,,
429288,170,郧阳区,,
429687,170,郧西县,,
430049,170,竹山县,,
430317,170,竹溪县,,
430694,170,房县,,
431030,170,丹江口市,,
431320,94,西陵区,,
431434,94,伍家岗区,,
431492,94,点军区,,
431551,94,猇亭区,,
431580,94,夷陵区,,
431791,94,远安县,,
431916,94,兴山县,,
432021,94,秭归县,,
432227,94,长阳土家族自治县,,
432402,94,五峰土家族自治县,,
432519,94,宜都市,,
432684,94,当阳市,,
432868,94,枝江市,,
433094,150,襄城区,,
433278,150,樊城区,,
433495,150,襄州区,,
433985,150,南漳县,,
434301,150,谷城县,,
434603,150,保康县,,
434879,150,老河口市,,
435153,150,枣阳市,,
435744,150,宜城市,,
435994,310,梁子湖区,,
436087,310,华容区,,
436210,310,鄂城区,,
436408,220,东宝区,,
436627,220,掇刀区,,
436753,220,京山县,,
437256,220,沙洋县,,
437566,220,钟祥市,,
438170,236,孝南区,,
438713,236,孝昌县,,
439186,236,大悟县,,
439579,236,云梦县,,
439890,236,应城市,,
440332,236,安陆市,,
440745,236,汉川市,,
441406,124,沙市区,,
441606,124,荆州区,,
441800,124,公安县,,
442214,124,监利县,,
443090,124,江陵县,,
443350,124,石首市,,
443698,124,洪湖市,,
444256,124,松滋市,,
444554,153,黄州区,,
444714,153,团风县,,
445029,153,红安县,,
445468,153,罗田县,,
445927,153,英山县,,
446261,153,浠水县,,
446961,153,蕲春县,,
447562,153,黄梅县,,
448177,153,麻城市,,
448956,153,武穴市,,
449314,250,咸安区,,
449521,250,嘉鱼县,,
449633,250,通城县,,
449839,250,崇阳县,,
450055,250,通山县,,
450276,250,赤壁市,,
450485,260,曾都区,,
450703,260,随县,,
451119,260,广水市,,
451542,233,恩施市,,
451768,233,利川市,,
452372,233,建始县,,
452795,233,巴东县,,
453299,233,宣恩县,,
453593,233,咸丰县,,
453874,233,来凤县,,
454079,233,鹤峰县,,
454301,342,沙嘴街道,,
454320,342,干河街道,,
454360,342,龙华山,,
454382,342,郑场镇,,
454412,342,毛嘴镇,,
454445,342,豆河镇,,
454489,342,三伏潭镇,,
454526,342,胡场镇,,
454572,342,长倘口镇,,
454639,342,西流河镇,,
454712,342,沙湖镇,,
454753,342,杨林尾镇,,
454816,342,彭场镇,,
454875,342,张沟镇,,
454924,342,郭河镇,,
454962,342,沔城回族镇,,
454976,342,通海口镇,,
455005,342,陈场镇,,
455044,342,工业园区,,
455051,342,九合垸原种场,,
455054,342,沙湖原种场,,
455063,342,五湖渔场,,
455068,342,赵西垸林场,,
455070,342,畜禽良种场,,
455074,342,排湖风景区,,
455083,302,园林办事处,,
455111,302,杨市办事处,,
455133,302,周矶办事处,,
455159,302,广华办事处,,
455166,302,泰丰办事处,,
455182,302,高场办事处,,
455188,302,竹根滩镇,,
455223,302,渔洋镇,,
455254,302,王场镇,,
455278,302,高石碑镇,,
455307,302,熊口镇,,
455336,302,老新镇,,
455371,302,浩口镇,,
455404,302,积玉口镇,,
455431,302,张金镇,,
455471,302,龙湾镇,,
455496,302,江汉石油管理局,,
455512,302,潜江经济开发区,,
455523,302,周矶管理区,,
455528,302,后湖管理区,,
455537,302,熊口管理区,,
455545,302,总口管理区,,
455559,302,白鹭湖管理区,,
455568,302,运粮湖管理区,,
455575,302,浩口原种场,,
455578,337,竟陵街道,,
455611,337,侨乡街道开发区,,
455627,337,杨林街道,,
455651,337,多宝镇,,
455700,337,拖市镇,,
455744,337,张港镇,,
455791,337,蒋场镇,,
455815,337,汪场镇,,
455841,337,渔薪镇,,
455877,337,黄潭镇,,
455913,337,岳口镇,,
455967,337,横林镇,,
456010,337,彭市镇,,
456042,337,麻洋镇,,
456078,337,多祥镇,,
456112,337,干驿镇,,
456145,337,马湾镇,,
456172,337,卢市镇,,
456213,337,小板镇,,
456240,337,九真镇,,
456277,337,皂市镇,,
456323,337,胡市镇,,
456349,337,石河镇,,
456387,337,佛子山镇,,
456415,337,净潭乡,,
456441,337,蒋湖农场,,
456452,337,白茅湖农场,,
456458,337,沉湖管委会,,
456461,353,松柏镇,,
456472,353,阳日镇,,
456488,353,木鱼镇,,
456499,353,红坪镇,,
456510,353,新华镇,,
456521,353,九湖镇,,
456528,353,宋洛乡,,
456538,353,下谷坪土家族乡,,
456548,29,芙蓉区,,
456643,29,天心区,,
456738,29,岳麓区,,
456933,29,开福区,,
457080,29,雨花区,,
457234,29,望城区,,
457415,29,长沙县,,
457736,29,宁乡县,,
458192,29,浏阳市,,
458632,143,荷塘区,,
458714,143,芦淞区,,
458826,143,石峰区,,
458907,143,天元区,,
459028,143,株洲县,,
459309,143,攸县,,
459637,143,茶陵县,,
460047,143,炎陵县,,
460278,143,醴陵市,,
460711,174,雨湖区,,
460943,174,岳塘区,,
461088,174,湘潭县,,
461780,174,湘乡市,,
462551,174,韶山市,,
462635,142,珠晖区,,
462759,142,雁峰区,,
462844,142,石鼓区,,
462929,142,蒸湘区,,
463019,142,南岳区,,
463061,142,衡阳县,,
464023,142,衡南县,,
464879,142,衡山县,,
465237,142,衡东县,,
465844,142,祁东县,,
466778,142,耒阳市,,
467498,142,常宁市,,
468295,215,双清区,,
468425,215,大祥区,,
468572,215,北塔区,,
468638,215,邵东县,,
469682,215,新邵县,,
470381,215,邵阳县,,
471079,215,隆回县,,
472112,215,洞口县,,
472727,215,绥宁县,,
473124,215,新宁县,,
473647,215,城步苗族自治县,,
473928,215,武冈市,,
474455,183,岳阳楼区,,
474684,183,云溪区,,
474781,183,君山区,,
474909,183,岳阳县,,
475546,183,华容县,,
476077,183,湘阴县,,
476557,183,平江县,,
477392,183,汨罗市,,
477915,183,临湘市,,
478247,190,武陵区,,
478463,190,鼎城区,,
479159,190,安乡县,,
479455,190,汉寿县,,
480079,190,澧县,,
480590,190,临澧县,,
480947,190,桃源县,,
481438,190,石门县,,
482177,190,津市市,,
482302,108,永定区,,
482714,108,武陵源区,,
482764,108,慈利县,,
483480,108,桑植县,,
484074,224,资阳区,,
484214,224,赫山区,,
484573,224,南县,,
485017,224,桃江县,,
485344,224,安化县,,
485916,224,沅江市,,
486200,214,北湖区,,
486409,214,苏仙区,,
486656,214,桂阳县,,
487190,214,宜章县,,
487578,214,永兴县,,
487975,214,嘉禾县,,
488264,214,临武县,,
488581,214,汝城县,,
488926,214,桂东县,,
489099,214,安仁县,,
489342,214,资兴市,,
489668,276,零陵区,,
490222,276,冷水滩区,,
490601,276,祁阳县,,
491598,276,东安县,,
492158,276,双牌县,,
492378,276,道县,,
492987,276,江永县,,
493243,276,宁远县,,
493960,276,蓝山县,,
494358,276,新田县,,
494759,276,江华瑶族自治县,,
495303,247,鹤城区,,
495467,247,中方县,,
495722,247,沅陵县,,
496244,247,辰溪县,,
496717,247,溆浦县,,
497453,247,会同县,,
497836,247,麻阳苗族自治县,,
498183,247,新晃侗族自治县,,
498516,247,芷江侗族自治县,,
498855,247,靖州苗族侗族自治县,,
499068,247,通道侗族自治县,,
499346,247,洪江市,,
499761,279,娄星区,,
500009,279,双峰县,,
500956,279,新化县,,
502175,279,冷水江市,,
502403,279,涟源市,,
503377,127,吉首市,,
503572,127,泸溪县,,
503740,127,凤凰县,,
504120,127,花垣县,,
504446,127,保靖县,,
504684,127,古丈县,,
504855,127,永顺县,,
505210,127,龙山县,,
505709,3,荔湾区,,
505927,3,越秀区,,
506213,3,海珠区,,
506489,3,天河区,,
506717,3,白云区,,
507107,3,黄埔区,,
507176,3,番禺区,,
507455,3,花都区,,
507702,3,南沙区,,
507879,3,萝岗区,,
507945,3,增城区,,
508294,3,从化区,,
508583,102,武江区,,
508674,102,浈江区,,
508796,102,曲江区,,
508920,102,始兴县,,
509060,102,仁化县,,
509196,102,翁源县,,
509379,102,乳源瑶族自治县,,
509508,102,新丰县,,
509673,102,乐昌市,,
509918,102,南雄市,,
510172,11,罗湖区,,
510298,11,福田区,,
510425,11,南山区,,
510536,11,宝安区,,
510817,11,龙岗区,,
510996,11,盐田区,,
511028,36,香洲区,,
511203,36,斗门区,,
511340,36,金湾区,,
511389,55,龙湖区,,
511510,55,金平区,,
511696,55,濠江区,,
511764,55,潮阳区,,
512050,55,潮南区,,
512294,55,澄海区,,
512488,55,南澳县,,
512531,28,禅城区,,
512677,28,南海区,,
512960,28,顺德区,,
513174,28,三水区,,
513262,28,高明区,,
513348,67,蓬江区,,
513498,67,江海区,,
513563,67,新会区,,
513806,67,台山市,,
514139,67,开平市,,
514425,67,鹤山市,,
514578,67,恩平市,,
514765,111,赤坎区,,
514815,111,霞山区,,
514905,111,坡头区,,
514983,111,麻章区,,
515110,111,遂溪县,,
515387,111,徐闻县,,
515612,111,廉江市,,
516027,111,雷州市,,
516543,111,吴川市,,
516754,96,茂南区,,
516985,96,茂港区,,
517096,96,电白区,,
517445,96,高州市,,
517966,96,化州市,,
518370,96,信宜市,,
518782,91,端州区,,
518846,91,鼎湖区,,
518935,91,广宁县,,
519129,91,怀集县,,
519473,91,封开县,,
519689,91,德庆县,,
519896,91,高要区,,
520266,91,四会市,,
520444,71,惠城区,,
520726,71,惠阳区,,
520902,71,博罗县,,
521302,71,惠东县,,
521614,71,龙门县,,
521812,129,梅江区,,
521943,129,梅县区,,
522354,129,大埔县,,
522629,129,丰顺县,,
522928,129,五华县,,
523390,129,平远县,,
523546,129,蕉岭县,,
523667,129,兴宁市,,
524184,239,城区,,
524317,239,海丰县,,
524618,239,陆河县,,
524754,239,陆丰市,,
525140,182,源城区,,
525215,182,紫金县,,
525534,182,龙川县,,
525916,182,连平县,,
526105,182,和平县,,
526364,182,东源县,,
526670,80,江城区,,
526852,80,阳西县,,
527014,80,阳东区,,
527213,80,阳春市,,
527590,114,清城区,,
527751,114,清新区,,
527967,114,佛冈县,,
528064,114,阳山县,,
528245,114,连山壮族瑶族自治县,,
528309,114,连南瑶族自治县,,
528388,114,英德市,,
528713,114,连州市,,
528900,27,东城街道,,
528926,27,南城街道,,
528945,27,万江街道,,
528974,27,莞城街道,,
528983,27,石碣镇,,
528999,27,石龙镇,,
529010,27,茶山镇,,
529029,27,石排镇,,
529049,27,企石镇,,
529070,27,横沥镇,,
529088,27,桥头镇,,
529106,27,谢岗镇,,
529119,27,东坑镇,,
529136,27,常平镇,,
529170,27,寮步镇,,
529201,27,樟木头镇,,
529213,27,大朗镇,,
529242,27,黄江镇,,
529250,27,清溪镇,,
529273,27,塘厦镇,,
529298,27,凤岗镇,,
529311,27,大岭山镇,,
529336,27,长安镇,,
529350,27,虎门镇,,
529383,27,厚街镇,,
529408,27,沙田镇,,
529427,27,道滘镇,,
529442,27,洪梅镇,,
529453,27,麻涌镇,,
529469,27,望牛墩镇,,
529492,27,中堂镇,,
529513,27,高埗镇,,
529533,27,松山湖管委会,,
529535,27,虎门港管委会,,
529537,27,东莞生态园,,
529540,61,石岐区街道,,
529560,61,东区街道,,
529571,61,火炬开发区街道,,
529579,61,西区街道,,
529589,61,南区街道,,
529600,61,五桂山街道,,
529606,61,小榄镇,,
529622,61,黄圃镇,,
529639,61,民众镇,,
529659,61,东凤镇,,
529674,61,东升镇,,
529689,61,古镇镇,,
529703,61,沙溪镇,,
529720,61,坦洲镇,,
529735,61,港口镇,,
529745,61,三角镇,,
529754,61,横栏镇,,
529766,61,南头镇,,
529773,61,阜沙镇,,
529783,61,南朗镇,,
529799,61,三乡镇,,
529815,61,板芙镇,,
529827,61,大涌镇,,
529836,61,神湾镇,,
529844,212,湘桥区,,
530032,212,潮安区,,
530507,212,饶平县,,
530932,199,榕城区,,
531145,199,揭东区,,
531382,199,揭西县,,
531730,199,惠来县,,
532078,199,普宁市,,
532688,248,云城区,,
532807,248,新兴县,,
533025,248,郁南县,,
533249,248,云安区,,
533380,248,罗定市,,
533742,37,兴宁区,,
533821,37,青秀区,,
533942,37,江南区,,
534052,37,西乡塘区,,
534232,37,良庆区,,
534314,37,邕宁区,,
534394,37,武鸣区,,
534650,37,隆安县,,
534799,37,马山县,,
534964,37,上林县,,
535107,37,宾阳县,,
535360,37,横县,,
535699,121,城中区,,
535735,121,鱼峰区,,
535834,121,柳南区,,
535925,121,柳北区,,
536034,121,柳江区,,
536200,121,柳城县,,
536353,121,鹿寨县,,
536481,121,融安县,,
536643,121,融水苗族自治县,,
536869,121,三江侗族自治县,,
537053,52,秀峰区,,
537085,52,叠彩区,,
537125,52,象山区,,
537172,52,七星区,,
537225,52,雁山区,,
537273,52,临桂区,,
537453,52,阳朔县,,
537577,52,灵川县,,
537738,52,全州县,,
538041,52,兴安县,,
538177,52,永福县,,
538286,52,灌阳县,,
538437,52,龙胜各族自治县,,
538573,52,资源县,,
538655,52,平乐县,,
538819,52,荔浦县,,
538977,52,恭城瑶族自治县,,
539113,178,万秀区,,
539206,178,长洲区,,
539252,178,龙圩区,,
539336,178,苍梧县,,
539491,178,藤县,,
539802,178,蒙山县,,
539896,178,岑溪市,,
540194,156,海城区,,
540269,156,银海区,,
540325,156,铁山港区,,
540373,156,合浦县,,
540666,282,港口区,,
540710,282,防城区,,
540889,282,上思县,,
541010,282,东兴市,,
541057,268,钦南区,,
541250,268,钦北区,,
541448,268,灵山县,,
541883,268,浦北县,,
542175,244,港北区,,
542307,244,港南区,,
542482,244,覃塘区,,
542638,244,平南县,,
542948,244,桂平市,,
543407,245,玉州区,,
543524,245,福绵区,,
543647,245,容县,,
543892,245,陆川县,,
544072,245,博白县,,
544446,245,兴业县,,
544674,245,北流市,,
545011,262,右江区,,
545141,262,田阳县,,
545308,262,田东县,,
545487,262,平果县,,
545683,262,德保县,,
545883,262,靖西市,,
546194,262,那坡县,,
546334,262,凌云县,,
546453,262,乐业县,,
546550,262,田林县,,
546733,262,西林县,,
546839,262,隆林各族自治县,,
547036,213,八步区,,
547254,213,昭平县,,
547426,213,钟山县,,
547555,213,富川瑶族自治县,,
547724,280,金城江区,,
547882,280,南丹县,,
548042,280,天峨县,,
548147,280,凤山县,,
548255,280,东兰县,,
548419,280,罗城仫佬族自治县,,
548574,280,环江毛南族自治县,,
548735,280,巴马瑶族自治县,,
548853,280,都安瑶族自治县,,
549122,280,大化瑶族自治县,,
549297,280,宜州市,,
549525,332,兴宾区,,
549819,332,忻城县,,
549962,332,象州县,,
550099,332,武宣县,,
550262,332,金秀瑶族自治县,,
550356,332,合山市,,
550397,318,江州区,,
550549,318,扶绥县,,
550702,318,宁明县,,
550899,318,龙州县,,
551040,318,大新县,,
551213,318,天等县,,
551351,318,凭祥市,,
551400,42,秀英区,,
551504,42,龙华区,,
551634,42,琼山区,,
551759,42,美兰区,,
551916,51,市辖区,,
552097,370,西沙群岛,,
552100,370,南沙群岛,,
552103,370,中沙群岛的岛礁及其海域,,
552108,344,通什镇,,
552133,344,南圣镇,,
552140,344,毛阳镇,,
552155,344,番阳镇,,
552161,344,畅好乡,,
552172,344,毛道乡,,
552177,344,水满乡,,
552183,344,国营畅好农场,,
552191,261,嘉积镇,,
552239,261,万泉镇,,
552257,261,石壁镇,,
552265,261,中原镇,,
552288,261,博鳌镇,,
552306,261,阳江镇,,
552322,261,龙江镇,,
552332,261,潭门镇,,
552347,261,塔洋镇,,
552363,261,长坡镇,,
552385,261,大路镇,,
552401,261,会山镇,,
552407,261,国营东太农场,,
552426,261,国营东红农场,,
552434,261,国营东升农场,,
552440,261,彬村山华侨农场,,
552448,281,那大镇,,
552489,281,和庆镇,,
552503,281,南丰镇,,
552516,281,大成镇,,
552539,281,雅星镇,,
552565,281,兰洋镇,,
552584,281,光村镇,,
552597,281,木棠镇,,
552623,281,海头镇,,
552638,281,峨蔓镇,,
552652,281,三都镇,,
552662,281,王五镇,,
552672,281,白马井镇,,
552694,281,中和镇,,
552707,281,排浦镇,,
552716,281,东成镇,,
552737,281,新州镇,,
552770,281,国营西培农场,,
552786,281,国营西联农场,,
552807,281,国营蓝洋农场,,
552813,281,国营八一农场,,
552823,281,洋浦经济开发区,,
552842,281,华南热作学院,,
552845,300,文城镇,,
552901,300,重兴镇,,
552917,300,蓬莱镇,,
552930,300,会文镇,,
552948,300,东路镇,,
552961,300,潭牛镇,,
552982,300,东阁镇,,
553003,300,文教镇,,
553021,300,东郊镇,,
553038,300,龙楼镇,,
553050,300,昌洒镇,,
553064,300,翁田镇,,
553081,300,抱罗镇,,
553094,300,冯坡镇,,
553106,300,锦山镇,,
553136,300,铺前镇,,
553149,300,公坡镇,,
553157,300,国营东路农场,,
553166,300,国营南阳农场,,
553174,300,国营罗豆农场,,
553183,288,万城镇,,
553228,288,龙滚镇,,
553247,288,和乐镇,,
553271,288,后安镇,,
553297,288,大茂镇,,
553310,288,东澳镇,,
553331,288,礼纪镇,,
553349,288,长丰镇,,
553363,288,山根镇,,
553374,288,北大镇,,
553395,288,南桥镇,,
553403,288,三更罗镇,,
553416,288,国营东兴农场,,
553425,288,国营东和农场,,
553433,288,国营新中农场,,
553448,288,兴隆华侨农场,,
553458,288,地方国营六连林场,,
553461,328,八所镇,,
553507,328,东河镇,,
553527,328,大田镇,,
553553,328,感城镇,,
553569,328,板桥镇,,
553591,328,三家镇,,
553606,328,四更镇,,
553627,328,新龙镇,,
553637,328,天安乡,,
553653,328,江边乡,,
553664,328,国营广坝农场,,
553671,328,东方华侨农场,,
553682,349,定城镇,,
553717,349,新竹镇,,
553725,349,龙湖镇,,
553738,349,黄竹镇,,
553747,349,雷鸣镇,,
553760,349,龙门镇,,
553774,349,龙河镇,,
553790,349,岭口镇,,
553800,349,翰林镇,,
553808,349,富文镇,,
553819,349,国营中瑞农场,,
553827,349,国营南海农场,,
553836,349,国营金鸡岭农场,,
553846,363,屯城镇,,
553875,363,新兴镇,,
553889,363,枫木镇,,
553900,363,乌坡镇,,
553913,363,南吕镇,,
553929,363,南坤镇,,
553956,363,坡心镇,,
553966,363,西昌镇,,
553973,363,国营中建农场,,
553990,363,国营中坤农场,,
554006,340,金江镇,,
554062,340,老城镇,,
554081,340,瑞溪镇,,
554098,340,永发镇,,
554118,340,加乐镇,,
554130,340,文儒镇,,
554144,340,中兴镇,,
554157,340,仁兴镇,,
554164,340,福山镇,,
554173,340,桥头镇,,
554182,340,大丰镇,,
554194,340,国营红光农场,,
554204,340,国营西达农场,,
554227,340,国营金安农场,,
554235,362,临城镇,,
554277,362,波莲镇,,
554291,362,东英镇,,
554305,362,博厚镇,,
554329,362,皇桐镇,,
554348,362,多文镇,,
554363,362,和舍镇,,
554375,362,南宝镇,,
554385,362,新盈镇,,
554402,362,调楼镇,,
554422,362,国营红华农场,,
554431,362,国营加来农场,,
554444,367,牙叉镇,,
554461,367,七坊镇,,
554478,367,邦溪镇,,
554486,367,打安镇,,
554496,367,细水乡,,
554501,367,元门乡,,
554509,367,南开乡,,
554515,367,阜龙乡,,
554520,367,青松乡,,
554527,367,金波乡,,
554531,367,荣邦乡,,
554537,367,国营白沙农场,,
554548,367,国营龙江农场,,
554575,367,国营邦溪农场,,
554592,355,石碌镇,,
554615,355,叉河镇,,
554625,355,十月田镇,,
554637,355,乌烈镇,,
554645,355,昌化镇,,
554661,355,海尾镇,,
554678,355,七叉镇,,
554688,355,王下乡,,
554693,355,国营红林农场,,
554698,355,国营霸王岭林场,,
554700,355,海南矿业联合有限公司,,
554705,357,抱由镇,,
554735,357,万冲镇,,
554751,357,大安镇,,
554767,357,志仲镇,,
554780,357,千家镇,,
554800,357,九所镇,,
554827,357,利国镇,,
554844,357,黄流镇,,
554868,357,佛罗镇,,
554886,357,尖峰镇,,
554898,357,莺歌海镇,,
554905,357,国营山荣农场,,
554912,357,国营乐光农场,,
554927,357,国营保国农场,,
554932,357,国营尖峰岭林业公司,,
554934,357,国营莺歌海盐场,,
554939,333,椰林镇,,
554964,333,光坡镇,,
554972,333,三才镇,,
554979,333,英州镇,,
554997,333,隆广镇,,
555007,333,文罗镇,,
555014,333,本号镇,,
555037,333,新村镇,,
555048,333,黎安镇,,
555055,333,提蒙乡,,
555062,333,群英乡,,
555067,333,国营岭门农场,,
555077,333,国营南平农场,,
555083,333,国营吊罗山林业公司,,
555086,335,保城镇,,
555097,335,什玲镇,,
555110,335,加茂镇,,
555117,335,响水镇,,
555126,335,新政镇,,
555137,335,三道镇,,
555142,335,六弓乡,,
555148,335,南林乡,,
555152,335,毛感乡,,
555157,335,国营新星农场,,
555166,335,海南保亭热带作物研究所,,
555173,335,国营金江农场,,
555187,335,国营三道农场,,
555194,361,营根镇,,
555214,361,湾岭镇,,
555235,361,黎母山镇,,
555249,361,和平镇,,
555260,361,长征镇,,
555271,361,红毛镇,,
555283,361,中平镇,,
555291,361,吊罗山乡,,
555298,361,上安乡,,
555307,361,什运乡,,
555314,361,国营阳江农场,,
555328,361,国营乌石农场,,
555343,361,国营加钗农场,,
555348,361,国营长征农场,,
555355,361,国营黎母山林业公司,,
555360,6,万州区,,
556048,6,涪陵区,,
556493,6,渝中区,,
556584,6,大渡口区,,
556673,6,江北区,,
556822,6,沙坪坝区,,
557075,6,九龙坡区,,
557306,6,南岸区,,
557468,6,北碚区,,
557667,6,綦江区,,
558162,6,大足区,,
558502,6,渝北区,,
558902,6,巴南区,,
559210,6,黔江区,,
559459,6,长寿区,,
559732,6,江津区,,
560026,6,合川区,,
560447,6,永川区,,
560731,6,南川区,,
561010,6,潼南区,,
561335,6,铜梁区,,
561690,6,荣昌区,,
561880,6,璧山区,,
562082,6,梁平县,,
562461,6,城口县,,
562693,6,丰都县,,
563054,6,垫江县,,
563380,6,武隆县,,
563617,6,忠县,,
564012,6,开州区,,
564567,6,云阳县,,
565089,6,奉节县,,
565507,6,巫山县,,
565872,6,巫溪县,,
566236,6,石柱土家族自治县,,
566511,6,秀山土家族苗族自治县,,
566806,6,酉阳土家族苗族自治县,,
567123,6,彭水苗族土家族自治县,,
567461,8,锦江区,,
567542,8,青羊区,,
567632,8,金牛区,,
567757,8,武侯区,,
567897,8,成华区,,
568008,8,龙泉驿区,,
568160,8,青白江区,,
568293,8,新都区,,
568561,8,温江区,,
568683,8,金堂县,,
568937,8,双流区,,
569236,8,郫县,,
569470,8,大邑县,,
569709,8,蒲江县,,
569854,8,新津县,,
569973,8,都江堰市,,
570249,8,彭州市,,
570624,8,邛崃市,,
570913,8,崇州市,,
571193,100,自流井区,,
571329,100,贡井区,,
571525,100,大安区,,
571730,100,沿滩区,,
571933,100,荣县,,
572307,100,富顺县,,
572716,160,东区,,
572798,160,西区,,
572849,160,仁和区,,
572965,160,米易县,,
573077,160,盐边县,,
573267,164,江阳区,,
573445,164,纳溪区,,
573661,164,龙马潭区,,
573764,164,泸县,,
574085,164,合江县,,
574440,164,叙永县,,
574725,164,古蔺县,,
575044,106,旌阳区,,
575295,106,中江县,,
576178,106,罗江县,,
576316,106,广汉市,,
576558,106,什邡市,,
576746,106,绵竹市,,
576975,73,涪城区,,
577250,73,游仙区,,
577597,73,三台县,,
578703,73,盐亭县,,
579253,73,安州区,,
579533,73,梓潼县,,
579915,73,北川羌族自治县,,
580289,73,平武县,,
580579,73,江油市,,
581088,189,利州区,,
581368,189,昭化区,,
581634,189,朝天区,,
581880,189,旺苍县,,
582308,189,青川县,,
582651,189,剑阁县,,
583284,189,苍溪县,,
584132,146,船山区,,
584455,146,安居区,,
584998,146,蓬溪县,,
585580,146,射洪县,,
586268,146,大英县,,
586618,166,市中区,,
586867,166,东兴区,,
587380,166,威远县,,
587772,166,资中县,,
588646,166,隆昌县,,
589079,86,市中区,,
589426,86,沙湾区,,
589589,86,五通桥区,,
589774,86,金口河区,,
589826,86,犍为县,,
590245,86,井研县,,
590507,86,夹江县,,
590785,86,沐川县,,
591018,86,峨边彝族自治县,,
591175,86,马边彝族自治县,,
591319,86,峨眉山市,,
591613,110,顺庆区,,
591954,110,高坪区,,
592388,110,嘉陵区,,
593015,110,南部县,,
594202,110,营山县,,
594935,110,蓬安县,,
595598,110,仪陇县,,
596590,110,西充县,,
597255,110,阆中市,,
597809,180,东坡区,,
598138,180,仁寿县,,
598811,180,彭山区,,
598933,180,洪雅县,,
599108,180,丹棱县,,
599192,180,青神县,,
599293,130,翠屏区,,
599658,130,南溪区,,
599913,130,宜宾县,,
600525,130,江安县,,
600868,130,长宁县,,
601186,130,高县,,
601523,130,珙县,,
601823,130,筠连县,,
602099,130,兴文县,,
602372,130,屏山县,,
602664,159,广安区,,
603314,159,前锋区,,
603611,159,岳池县,,
604533,159,武胜县,,
605114,159,邻水县,,
605682,159,华蓥市,,
605832,126,通川区,,
606127,126,达川区,,
606909,126,宣汉县,,
607531,126,开江县,,
607768,126,大竹县,,
608261,126,渠县,,
608880,126,万源市,,
609345,157,雨城区,,
609576,157,名山区,,
609801,157,荥经县,,
609935,157,汉源县,,
610176,157,石棉县,,
610294,157,天全县,,
610454,157,芦山县,,
610510,157,宝兴县,,
610578,210,巴州区,,
611076,210,恩阳区,,
611538,210,通江县,,
612156,210,南江县,,
612824,210,平昌县,,
613418,211,雁江区,,
613970,211,安岳县,,
615010,211,乐至县,,
615668,211,简阳市,,
616566,155,汶川县,,
616707,155,理县,,
616809,155,茂县,,
616983,155,松潘县,,
617158,155,九寨沟县,,
617310,155,金川县,,
617444,155,小金县,,
617602,155,黑水县,,
617748,155,马尔康区,,
617871,155,壤塘县,,
617945,155,阿坝县,,
618056,155,若尔盖县,,
618177,155,红原县,,
618226,217,康定市,,
618492,217,泸定县,,
618657,217,丹巴县,,
618858,217,九龙县,,
618942,217,雅江县,,
619074,217,道孚县,,
619257,217,炉霍县,,
619449,217,甘孜县,,
619692,217,新龙县,,
619862,217,德格县,,
620063,217,白玉县,,
620242,217,石渠县,,
620432,217,色达县,,
620588,217,理塘县,,
620828,217,巴塘县,,
620971,217,乡城县,,
621076,217,稻城县,,
621215,217,得荣县,,
621360,135,西昌市,,
621660,135,木里藏族自治县,,
621813,135,盐源县,,
622105,135,德昌县,,
622270,135,会理县,,
622634,135,会东县,,
623007,135,宁南县,,
623166,135,普格县,,
623362,135,布拖县,,
623585,135,金阳县,,
623799,135,昭觉县,,
624119,135,喜德县,,
624317,135,冕宁县,,
624588,135,越西县,,
624924,135,甘洛县,,
625183,135,美姑县,,
625515,135,雷波县,,
625857,34,南明区,,
626054,34,云岩区,,
626237,34,花溪区,,
626479,34,乌当区,,
626587,34,白云区,,
626687,34,观山湖区,,
626791,34,开阳县,,
626932,34,息烽县,,
627118,34,修文县,,
627336,34,清镇市,,
627675,286,钟山区,,
627799,286,六枝特区,,
628064,286,水城县,,
628412,286,盘县,,
628952,187,红花岗区,,
629099,187,汇川区,,
629204,187,播州区,,
629502,187,桐梓县,,
629759,187,绥阳县,,
629892,187,正安县,,
630064,187,道真仡佬族苗族自治县,,
630162,187,务川仡佬族苗族自治县,,
630295,187,凤冈县,,
630396,187,湄潭县,,
630547,187,余庆县,,
630627,187,习水县,,
630890,187,赤水市,,
631030,187,仁怀市,,
631227,256,西秀区,,
631812,256,平坝区,,
632035,256,普定县,,
632374,256,镇宁布依族苗族自治县,,
632762,256,关岭布依族苗族自治县,,
633028,256,紫云苗族布依族自治县,,
633271,343,七星关区,,
633866,343,大方县,,
634293,343,黔西县,,
634710,343,金沙县,,
634980,343,织金县,,
635587,343,纳雍县,,
636094,343,威宁彝族回族苗族自治县,,
636758,343,赫章县,,
637252,308,碧江区,,
637356,308,万山区,,
637450,308,江口县,,
637616,308,玉屏侗族自治县,,
637716,308,石阡县,,
638045,308,思南县,,
638599,308,印江土家族苗族自治县,,
638991,308,德江县,,
639358,308,沿河土家族自治县,,
639816,308,松桃苗族自治县,,
640351,301,兴义市,,
640603,301,兴仁县,,
640784,301,普安县,,
640888,301,晴隆县,,
640999,301,贞丰县,,
641177,301,望谟县,,
641359,301,册亨县,,
641506,301,安龙县,,
641712,228,凯里市,,
641964,228,黄平县,,
642230,228,施秉县,,
642313,228,三穗县,,
642487,228,镇远县,,
642626,228,岑巩县,,
642776,228,天柱县,,
643119,228,锦屏县,,
643345,228,剑河县,,
643667,228,台江县,,
643836,228,黎平县,,
644284,228,榕江县,,
644574,228,从江县,,
644984,228,雷山县,,
645156,228,麻江县,,
645256,228,丹寨县,,
645430,303,都匀市,,
645597,303,福泉市,,
645691,303,荔波县,,
645809,303,贵定县,,
645942,303,瓮安县,,
646055,303,独山县,,
646206,303,平塘县,,
646353,303,罗甸县,,
646653,303,长顺县,,
646753,303,龙里县,,
646935,303,惠水县,,
647171,303,三都水族自治县,,
647469,30,五华区,,
647579,30,盘龙区,,
647691,30,官渡区,,
647814,30,西山区,,
647939,30,东川区,,
648111,30,呈贡区,,
648187,30,晋宁县,,
648330,30,富民县,,
648412,30,宜良县,,
648561,30,石林彝族自治县,,
648660,30,嵩明县,,
648741,30,禄劝彝族苗族自治县,,
648955,30,寻甸回族彝族自治县,,
649146,30,安宁市,,
649254,251,麒麟区,,
649385,251,马龙县,,
649461,251,陆良县,,
649614,251,师宗县,,
649732,251,罗平县,,
649899,251,富源县,,
650072,251,会泽县,,
650470,251,沾益区,,
650601,251,宣威市,,
650985,208,红塔区,,
651101,208,江川区,,
651181,208,澄江县,,
651228,208,通海县,,
651311,208,华宁县,,
651394,208,易门县,,
651460,208,峨山彝族自治县,,
651544,208,新平彝族傣族自治县,,
651680,208,元江哈尼族彝族傣族自治县,,
651772,203,隆阳区,,
652104,203,施甸县,,
652257,203,腾冲市,,
652498,203,龙陵县,,
652630,203,昌宁县,,
652769,249,昭阳区,,
652973,249,鲁甸县,,
653076,249,巧家县,,
653276,249,盐津县,,
653381,249,大关县,,
653474,249,永善县,,
653632,249,绥江县,,
653680,249,镇雄县,,
653963,249,彝良县,,
654116,249,威信县,,
654214,249,水富县,,
654249,50,古城区,,
654318,50,玉龙纳西族自治县,,
654438,50,永胜县,,
654601,50,华坪县,,
654670,50,宁蒗彝族自治县,,
654778,331,思茅区,,
654857,331,宁洱哈尼族彝族自治县,,
654956,331,墨江哈尼族自治县,,
655140,331,景东彝族自治县,,
655324,331,景谷傣族彝族自治县,,
655472,331,镇沅彝族哈尼族拉祜族自治县,,
655593,331,江城哈尼族彝族自治县,,
655651,331,孟连傣族拉祜族佤族自治县,,
655700,331,澜沧拉祜族自治县,,
655882,331,西盟佤族自治县,,
655930,319,临翔区,,
656043,319,凤庆县,,
656244,319,云县,,
656455,319,永德县,,
656586,319,镇康县,,
656668,319,双江拉祜族佤族布朗族傣族自治县,,
656750,319,耿马傣族佤族自治县,,
656858,319,沧源佤族自治县,,
656967,242,楚雄市,,
657135,242,双柏县,,
657228,242,牟定县,,
657325,242,南华县,,
657464,242,姚安县,,
657551,242,大姚县,,
657693,242,永仁县,,
657764,242,元谋县,,
657853,242,武定县,,
657998,242,禄丰县,,
658179,167,个旧市,,
658306,167,开远市,,
658388,167,蒙自市,,
658501,167,弥勒市,,
658654,167,屏边苗族自治县,,
658742,167,建水县,,
658911,167,石屏县,,
659036,167,泸西县,,
659131,167,元阳县,,
659284,167,红河县,,
659389,167,金平苗族瑶族傣族自治县,,
659501,167,绿春县,,
659602,167,河口瑶族自治县,,
659644,289,文山市,,
659803,289,砚山县,,
659923,289,西畴县,,
660005,289,麻栗坡县,,
660119,289,马关县,,
660257,289,丘北县,,
660371,289,广南县,,
660564,289,富宁县,,
660724,117,景洪市,,
660854,117,勐海县,,
660957,117,勐腊县,,
661034,84,大理市,,
661176,84,漾濞彝族自治县,,
661252,84,祥云县,,
661399,84,宾川县,,
661500,84,弥渡县,,
661598,84,南涧彝族自治县,,
661687,84,巍山彝族回族自治县,,
661781,84,永平县,,
661862,84,云龙县,,
661960,84,洱源县,,
662060,84,剑川县,,
662162,84,鹤庆县,,
662289,229,瑞丽市,,
662336,229,芒市,,
662443,229,梁河县,,
662519,229,盈江县,,
662638,229,陇川县,,
662722,312,泸水市,,
662808,312,福贡县,,
662874,312,贡山独龙族怒族自治县,,
662908,312,兰坪白族普米族自治县,,
663026,177,香格里拉市,,
663101,177,德钦县,,
663152,177,维西傈僳族自治县,,
663247,77,城关区,,
663311,77,林周县,,
663367,77,当雄县,,
663404,77,尼木县,,
663445,77,曲水县,,
663469,77,堆龙德庆区,,
663511,77,达孜县,,
663538,77,墨竹工卡县,,
663588,356,卡若区,,
663771,356,江达县,,
663880,356,贡觉县,,
664042,356,类乌齐县,,
664135,356,丁青县,,
664213,356,察雅县,,
664365,356,八宿县,,
664490,356,左贡县,,
664629,356,芒康县,,
664707,356,洛隆县,,
664785,356,边坝县,,
664880,341,乃东区,,
664935,341,扎囊县,,
665003,341,贡嘎县,,
665053,341,桑日县,,
665100,341,琼结县,,
665125,341,曲松县,,
665152,341,措美县,,
665173,341,洛扎县,,
665207,341,加查县,,
665292,341,隆子县,,
665384,341,错那县,,
665419,341,浪卡子县,,
665529,290,桑珠孜区,,
665713,290,南木林县,,
665877,290,江孜县,,
666052,290,定日县,,
666241,290,萨迦县,,
666360,290,拉孜县,,
666470,290,昂仁县,,
666673,290,谢通门县,,
666788,290,白朗县,,
666911,290,仁布县,,
666994,290,康马县,,
667051,290,定结县,,
667132,290,仲巴县,,
667204,290,亚东县,,
667237,290,吉隆县,,
667284,290,聂拉木县,,
667336,290,萨嘎县,,
667383,290,岗巴县,,
667419,351,那曲县,,
667573,351,嘉黎县,,
667706,351,比如县,,
667892,351,聂荣县,,
668045,351,安多县,,
668133,351,申扎县,,
668204,351,索县,,
668339,351,班戈县,,
668436,351,巴青县,,
668603,351,尼玛县,,
668695,351,双湖县,,
668735,336,普兰县,,
668749,336,札达县,,
668773,336,噶尔县,,
668793,336,日土县,,
668813,336,革吉县,,
668839,336,改则县,,
668895,336,措勤县,,
668923,253,巴宜区,,
669000,253,工布江达县,,
669090,253,米林县,,
669166,253,墨脱县,,
669221,253,波密县,,
669317,253,察隅县,,
669421,253,朗县,,
669482,12,新城区,,
669593,12,碑林区,,
669702,12,莲湖区,,
669846,12,灞桥区,,
670116,12,未央区,,
670394,12,雁塔区,,
670615,12,阎良区,,
670726,12,临潼区,,
671072,12,长安区,,
671810,12,蓝田县,,
672362,12,周至县,,
672775,12,户县,,
673332,12,高陵区,,
673439,315,王益区,,
673506,315,印台区,,
673648,315,耀州区,,
673903,315,宜君县,,
674094,101,渭滨区,,
674264,101,金台区,,
674429,101,陈仓区,,
674795,101,凤翔县,,
675045,101,岐山县,,
675214,101,扶风县,,
675397,101,眉县,,
675540,101,陇县,,
675714,101,千阳县,,
675823,101,麟游县,,
675933,101,凤县,,
676051,101,太白县,,
676128,105,秦都区,,
676387,105,杨陵区,,
676479,105,渭城区,,
676661,105,三原县,,
676890,105,泾阳县,,
677143,105,乾县,,
677424,105,礼泉县,,
677767,105,永寿县,,
678033,105,彬县,,
678298,105,长武县,,
678469,105,旬邑县,,
678670,105,淳化县,,
678889,105,武功县,,
679116,105,兴平市,,
679365,172,临渭区,,
679952,172,华州区,,
680218,172,潼关县,,
680318,172,大荔县,,
680789,172,合阳县,,
681160,172,澄城县,,
681451,172,蒲城县,,
681836,172,白水县,,
682052,172,富平县,,
682416,172,韩城市,,
682727,172,华阴市,,
682945,202,宝塔区,,
683607,202,延长县,,
683911,202,延川县,,
684275,202,子长县,,
684652,202,安塞区,,
684879,202,志丹县,,
685093,202,吴起县,,
685270,202,甘泉县,,
685398,202,富县,,
685654,202,洛川县,,
686040,202,宜川县,,
686256,202,黄龙县,,
686354,202,黄陵县,,
686565,188,汉台区,,
686835,188,南郑县,,
687272,188,城固县,,
687697,188,洋县,,
688086,188,西乡县,,
688384,188,勉县,,
688647,188,宁强县,,
688946,188,略阳县,,
689168,188,镇巴县,,
689415,188,留坝县,,
689523,188,佛坪县,,
689593,221,榆阳区,,
690155,221,神木县,,
690818,221,府谷县,,
691076,221,恒山区,,
691458,221,靖边县,,
691700,221,定边县,,
692062,221,绥德县,,
692748,221,米脂县,,
693159,221,佳县,,
693836,221,吴堡县,,
694069,221,清涧县,,
694725,221,子洲县,,
695302,255,汉滨区,,
696135,255,汉阴县,,
696337,255,石泉县,,
696560,255,宁陕县,,
696680,255,紫阳县,,
696932,255,岚皋县,,
697142,255,平利县,,
697350,255,镇坪县,,
697442,255,旬阳县,,
697783,255,白河县,,
697925,317,商州区,,
698385,317,洛南县,,
698786,317,丹凤县,,
699011,317,商南县,,
699192,317,山阳县,,
699538,317,镇安县,,
699772,317,柞水县,,
699909,39,城关区,,
700104,39,七里河区,,
700257,39,西固区,,
700385,39,安宁区,,
700454,39,红古区,,
700518,39,永登县,,
700788,39,皋兰县,,
700870,39,榆中县,,
701167,292,市辖区,,
701222,346,金川区,,
701274,346,永昌县,,
701407,320,白银区,,
701498,320,平川区,,
701599,320,靖远县,,
701802,320,会宁县,,
702129,320,景泰县,,
702286,272,秦州区,,
702773,272,麦积区,,
703213,272,清水县,,
703498,272,秦安县,,
703950,272,甘谷县,,
704380,272,武山县,,
704750,272,张家川回族自治县,,
705028,304,凉州区,,
705556,304,民勤县,,
705852,304,古浪县,,
706131,304,天祝藏族自治县,,
706349,270,甘州区,,
706644,270,肃南裕固族自治县,,
706761,270,民乐县,,
706952,270,临泽县,,
707047,270,高台县,,
707202,270,山丹县,,
707336,314,崆峒区,,
707626,314,泾川县,,
707867,314,灵台县,,
708072,314,崇信县,,
708171,314,华亭县,,
708310,314,庄浪县,,
708626,314,静宁县,,
708991,218,肃州区,,
709162,218,金塔县,,
709277,218,瓜州县,,
709382,218,肃北蒙古族自治县,,
709415,218,阿克塞哈萨克族自治县,,
709433,218,玉门市,,
709530,218,敦煌市,,
709610,293,西峰区,,
709736,293,庆城县,,
709924,293,环县,,
710206,293,华池县,,
710351,293,合水县,,
710457,293,正宁县,,
710576,293,宁县,,
710873,293,镇原县,,
711115,345,安定区,,
711456,345,通渭县,,
711817,345,陇西县,,
712061,345,渭源县,,
712298,345,临洮县,,
712646,345,漳县,,
712801,345,岷县,,
713131,334,武都区,,
713872,334,成县,,
714149,334,文县,,
714482,334,宕昌县,,
714848,334,康县,,
715228,334,西和县,,
715643,334,礼县,,
716250,334,徽县,,
716489,334,两当县,,
716625,327,临夏市,,
716704,327,临夏县,,
716951,327,康乐县,,
717120,327,永靖县,,
717288,327,广河县,,
717401,327,和政县,,
717538,327,东乡族自治县,,
717793,327,积石山保安族东乡族撒拉族自治县,,
717963,316,合作市,,
718020,316,临潭县,,
718181,316,卓尼县,,
718297,316,舟曲县,,
718532,316,迭部县,,
718598,316,玛曲县,,
718651,316,碌曲县,,
718690,316,夏河县,,
718775,46,城东区,,
718836,46,城中区,,
718907,46,城西区,,
718947,46,城北区,,
719016,46,大通回族土族自治县,,
719346,46,湟中县,,
719771,46,湟源县,,
719935,338,乐都区,,
720323,338,平安区,,
720450,338,民和回族土族自治县,,
720799,338,互助土族自治县,,
721128,338,化隆回族自治县,,
721519,338,循化撒拉族自治县,,
721690,347,门源回族自治县,,
721835,347,祁连县,,
721891,347,海晏县,,
721934,347,刚察县,,
721986,359,同仁县,,
722076,359,尖扎县,,
722177,359,泽库县,,
722250,359,河南蒙古族自治县,,
722297,366,共和县,,
722433,366,同德县,,
722531,366,贵德县,,
722668,366,兴海县,,
722743,366,贵南县,,
722843,352,玛沁县,,
722894,352,班玛县,,
722937,352,甘德县,,
722982,352,达日县,,
723027,352,久治县,,
723058,352,玛多县,,
723094,354,玉树市,,
723179,354,杂多县,,
723226,354,称多县,,
723295,354,治多县,,
723328,354,囊谦县,,
723416,354,曲麻莱县,,
723445,313,格尔木市,,
723530,313,德令哈市,,
723628,313,乌兰县,,
723679,313,都兰县,,
723803,313,天峻县,,
723880,62,兴庆区,,
724001,62,西夏区,,
724077,62,金凤区,,
724147,62,永宁县,,
724246,62,贺兰县,,
724333,62,灵武市,,
724448,278,大武口区,,
724523,278,惠农区,,
724622,278,平罗县,,
724819,323,利通区,,
724988,323,红寺堡区,,
725057,323,盐池县,,
725182,323,同心县,,
725352,323,青铜峡市,,
725479,350,原州区,,
725681,350,西吉县,,
726011,350,隆德县,,
726149,350,泾源县,,
726268,350,彭阳县,,
726442,321,沙坡头区,,
726641,321,中宁县,,
726794,321,海原县,,
726996,43,天山区,,
727203,43,沙依巴克区,,
727422,43,新市区,,
727617,43,水磨沟区,,
727740,43,头屯河区,,
727826,43,达坂城区,,
727873,43,米东区,,
728022,43,乌鲁木齐县,,
728071,269,独山子区,,
728092,269,克拉玛依区,,
728211,269,白碱滩区,,
728234,269,乌尔禾区,,
728256,305,高昌区,,
728364,305,鄯善县,,
728471,305,托克逊县,,
728540,285,伊州区,,
728800,285,巴里坤哈萨克自治县,,
728888,285,伊吾县,,
728938,283,昌吉市,,
729120,283,阜康市,,
729236,283,呼图壁县,,
729381,283,玛纳斯县,,
729641,283,奇台县,,
729774,283,吉木萨尔县,,
729868,283,木垒哈萨克自治县,,
729951,339,博乐市,,
730203,339,阿拉山口市,,
730208,339,精河县,,
730343,339,温泉县,,
730470,136,库尔勒市,,
730694,136,轮台县,,
730783,136,尉犁县,,
730906,136,若羌县,,
730959,136,且末县,,
731047,136,焉耆回族自治县,,
731139,136,和静县,,
731298,136,和硕县,,
731363,136,博湖县,,
731420,307,阿克苏市,,
731702,307,温宿县,,
731923,307,库车县,,
732202,307,沙雅县,,
732400,307,新和县,,
732550,307,拜城县,,
732758,307,乌什县,,
732898,307,阿瓦提县,,
733105,307,柯坪县,,
733147,365,阿图什市,,
733259,365,阿克陶县,,
733413,365,阿合奇县,,
733450,365,乌恰县,,
733512,246,喀什市,,
733683,246,疏附县,,
733862,246,疏勒县,,
734130,246,英吉沙县,,
734323,246,泽普县,,
734495,246,莎车县,,
735073,246,叶城县,,
735453,246,麦盖提县,,
735649,246,岳普湖县,,
735771,246,伽师县,,
736113,246,巴楚县,,
736362,246,塔什库尔干塔吉克自治县,,
736425,329,和田市,,
736592,329,和田县,,
736820,329,墨玉县,,
737230,329,皮山县,,
737445,329,洛浦县,,
737676,329,策勒县,,
737821,329,于田县,,
738024,329,民丰县,,
738070,259,伊宁市,,
738248,259,奎屯市,,
738327,259,伊宁县,,
738511,259,察布查尔锡伯自治县,,
738645,259,霍城县,,
738861,259,巩留县,,
738976,259,新源县,,
739113,259,昭苏县,,
739258,259,特克斯县,,
739350,259,尼勒克县,,
739464,322,塔城市,,
739681,322,乌苏市,,
740061,322,额敏县,,
740343,322,沙湾县,,
740841,322,托里县,,
740940,322,裕民县,,
741017,322,和布克赛尔蒙古自治县,,
741134,273,阿勒泰市,,
741301,273,布尔津县,,
741378,273,富蕴县,,
741474,273,福海县,,
741639,273,哈巴河县,,
741781,273,青河县,,
741847,273,吉木乃县,,
741910,277,新城街道,,
741923,277,向阳街道,,
741934,277,红山街道,,
741945,277,老街街道,,
741960,277,东城街道,,
741972,277,北泉镇,,
742021,277,石河子乡,,
742044,277,兵团一五二团,,
742054,364,金银川路街道,,
742060,364,幸福路街道,,
742066,364,青松路街道,,
742070,364,南口街道,,
742075,364,托喀依乡,,
742084,364,工业园区,,
742086,364,兵团七团,,
742109,364,兵团八团,,
742123,364,兵团十团,,
742146,364,兵团十一团,,
742164,364,兵团十二团,,
742187,364,兵团十三团,,
742219,364,兵团十四团,,
742231,364,兵团十六团,,
742252,364,兵团第一师水利水电工程处,,
742255,364,兵团第一师塔里木灌区水利管理处,,
742265,364,阿拉尔农场,,
742279,364,兵团第一师幸福农场,,
742288,364,中心监狱,,
742291,368,齐干却勒街道,,
742293,368,前海街道,,
742295,368,永安坝街道,,
742297,368,兵团四十四团,,
742329,368,兵团四十九团,,
742353,368,兵团五十团,,
742372,368,兵团五十一团,,
742390,368,兵团五十三团,,
742414,368,兵团图木舒克市喀拉拜勒镇,,
742421,368,兵团图木舒克市永安坝,,
742424,358,军垦路街道,,
742432,358,青湖路街道,,
742437,358,人民路街道,,
742441,358,兵团一零一团,,
742451,358,兵团一零二团,,
742462,358,兵团一零三团,,
742730,31,新站区,,
742731,85,北城新区,,
742732,17,无锡新区,,
742733,11,光明新区,,
742734,11,龙华区,,
742735,94,三峡坝区,,
742736,297,加格达奇区,,
742737,297,松岭区,,
742738,297,新林区,,
742739,297,呼中区,,
4,51,海棠区,,
5,51,吉阳区,,
6,51,天涯区,,
7,51,崖州区,,
1,17,梁溪区,,
2,254,铜官区,,
8,213,平桂区,,
9,194,康巴什区,,
10,11,坪山区,,
11,93,清江浦区,,